Title,Body,Commerce,Image,Author
I'll be back.,"Phasellus et tellus in odio elementum mattis. Suspendisse diam sem, gravida id volutpat eget, facilisis id neque. Phasellus tempor volutpat turpis eget luctus. ",Travel to London for Less,,EmilyPhillips
Return Visitor,"Aenean euismod urna in dolor tempus sed aliquet orci feugiat. Praesent odio leo, pulvinar eu adipiscing id, tempus at felis. Morbi ultricies ultrices nisi.",Travel to London for Less,,EricaWebb
We never would've found this place on our own.," Pellentesque in est ac mi interdum sollicitudin non adipiscing diam. Duis odio lectus, faucibus vel sagittis in, vehicula in nisl.",Travel to London for Less,,PaulSimon
Aces!,"Sed porta urna lacus, eu sagittis nulla. Cum sociis natoque penatibus et magnis dis parturient montes, nascetur ridiculus mus.",Travel to London for Less,,StephenDay
Conveniently located close to Victoria Station,"Aliquam at rutrum nisi. Sed massa turpis, bibendum sit amet ullamcorper sed, tristique ac nisi. ",Travel to London for Less,,JenniferThomson
Paradise indeed!,"Proin cursus nisi vel tellus accumsan sit amet fermentum sapien varius. Maecenas dictum laoreet massa, a blandit lectus hendrerit et. ",Tropical Paradise at Reasonable Rates,,TomCasey
It Has a Lot of Positives,"In aliquet commodo lacinia. Maecenas fringilla sapien ac neque gravida placerat. Donec ac mi justo, a posuere lacus. ",Tropical Paradise at Reasonable Rates,,MelissaBrady
What an awesome adventure!,"Vivamus et neque et neque rutrum euismod sed tempus sem. Donec tempor mattis pulvinar. In a elit eget lectus iaculis sollicitudin. Curabitur eu est libero, in pretium velit.",Tropical Paradise at Reasonable Rates,,StephenDay
We thought we were in a movie.,Ut tempor vulputate sagittis. Curabitur tempus ante eget mauris commodo posuere.,Tropical Paradise at Reasonable Rates,,PaulSimon
The reef is lovely...,"Vivamus leo sem, mollis ut hendrerit eget, vestibulum a libero. Donec tempus ligula nec lorem rhoncus id mattis ante vestibulum. ",Tropical Paradise at Reasonable Rates,,EricaWebb
Sad I could not stay longer!,"Donec auctor dapibus lacus, in tincidunt massa scelerisque nec. Integer nibh enim, gravida ut sodales id, tristique nec dui.",Tropical Paradise at Reasonable Rates,,JenniferThomson